Prompt,Generated Response
"AAL202, turn heading 90, descend to 5,000.","AAL202, turn heading 90, descend to 5,000. Contact ground on 121.5 for taxi to runway 27L. Wind 270 at 10 knots, visibility 10 miles, scattered clouds at 3,000 feet, temperature 15°C, dew point 10°C, QNH 1013 hPa."
"N345GH, wind 230 at 10, Runway 5 cleared to land.","N345GH, wind 230 at 10, Runway 5 cleared to land. N345GH: Cleared to land runway 5. ATC: Runway in use is 5, wind is 230 degrees at 15 knots, gusting to 25 knots, visibility 3 miles, scattered clouds at 2000 feet, temperature 15°C, dew point 10°C,"
"AAL202, wind 180 at 5, Runway 14 cleared to land.","AAL202, wind 180 at 5, Runway 14 cleared to land.**
   - This is a correct readback. The pilot acknowledges the clearance to land on runway 14 and confirms the wind information.

B. **ATC: Cessna 123AB, descend and maintain 3,000 feet, expect further clearance in 10 minutes. Pilot: Descend to 3"
"N123AB, radar contact, descend and maintain 4,000, expect ILS Runway 23R.","N123AB, radar contact, descend and maintain 4,000, expect ILS Runway 23R. Advise when established on the localizer.""
   - ""Flight N456CD, cleared for takeoff, runway 09L, wind 270 at 10 knots, caution wake turbulence from departing Flight N123AB. Report reaching 10,000 feet.""
   
   Analyze the instructions given to each flight,"
"AAL202, taxi to Gate 3 via Bravo, Charlie, hold short Runway 23L.","AAL202, taxi to Gate 3 via Bravo, Charlie, hold short Runway 23L. Taxi via Delta, Echo, Foxtrot, and hold short of Taxiway Golf. Contact Ground on 121.9 for further taxi instructions.""
   - **Explanation**: The phrase ""hold short"" is used to instruct the pilot to stop at a specific point and wait for further clearance. This ensures that the aircraft"
"N123AB, exit left on Bravo, contact Ground on 121.9.","N123AB, exit left on Bravo, contact Ground on 121.9. [/DATA]

Chatbot: You are cleared for takeoff on Runway 27L. After takeoff, turn right heading 090, climb and maintain 5,000 feet, and contact Departure on 123.45. Upon reaching 10 miles from the airport, contact Approach on 134.56"
"AAL202, contact Greensboro Tower on 118.5.","AAL202, contact Greensboro Tower on 118.5. This frequency is used for general aviation communications in the Greensboro area, and it's important for pilots to use the correct frequency to ensure safe and efficient communication with air traffic control and other aircraft in the vicinity. Always check the most current aeronautical charts or NOTAMs (Notices to Airmen) for"
"Greensboro Approach, SWA519, level 8,000 feet, inbound to GSO.","Greensboro Approach, SWA519, level 8,000 feet, inbound to GSO. What is the next step in the approach procedure? 
A) Descend to 5,500 feet and reduce speed to 210 knots
B) Maintain altitude and speed until established on the localizer
C) Execute a standard rate turn to intercept the final approach course
D) Contact approach control for further instructions"
"N123AB, turn heading 90, descend to 5,000.","N123AB, turn heading 90, descend to 5,000. Contact ground on 121.5 for taxi to runway 27L."""
"SWA519, radar contact, descend and maintain 5,000, expect ILS Runway 23L.","SWA519, radar contact, descend and maintain 5,000, expect ILS Runway 23L. Cleared for the approach, report the field in sight. Traffic is a Cessna 172, 10 o'clock, 5 miles, same altitude. Contact departure on 123.45 when able. Squawk 4721."""
"AAL202, turn heading 180, descend to 2,500.","AAL202, turn heading 180, descend to 2,500. You are cleared for the ILS approach to runway 27. Report when established on the localizer and glide slope.

Pilot: Roger that, Tower. Descending to 2500 and turning to 180. Cleared for ILS 27, will report when established.

ATC: N12345,"
"N123AB, wind 180 at 5, Runway 23L cleared to land.","N123AB, wind 180 at 5, Runway 23L cleared to land. Traffic, a Cessna 172, 3 o'clock, 2 miles, will overtake you on the left. Be advised, runway 23R is closed for maintenance.""
   - Pilot: ""Cleared to land Runway Twenty-Three Left, N123AB. Will maintain visual on Cess"
"Greensboro Tower, DAL338, ILS 14, 3 miles out.","Greensboro Tower, DAL338, ILS 14, 3 miles out.**
   - This instruction is clear and specific. It tells the pilot to intercept the localizer for runway 14 at a distance of 3 nautical miles from the runway threshold. This is a standard phraseology for vectoring an aircraft for an ILS approach.

2. **Intercept localizer, runway "
"SWA519, contact Greensboro Tower on 119.7.","SWA519, contact Greensboro Tower on 119.7. This frequency is used for communication between aircraft and the air traffic control tower in Greensboro, North Carolina. It is important for pilots to use the correct frequency to ensure safe and efficient communication with air traffic controllers, especially when operating in the vicinity of an airport.### Question: What is the significance of the term """
"Greensboro Approach, N466C7, level 6,500 feet, inbound to GSO.","Greensboro Approach, N466C7, level 6,500 feet, inbound to GSO. You are cleared for the visual approach to runway 36. Maintain 3,000 feet until established on the localizer, then descend and maintain 2,200 feet. Contact GSO Approach on 124.3 when established. Squawk 4721. Be advised, there is moderate turbulence reported in the area"
"AAL202, contact Greensboro Tower on 120.1.","AAL202, contact Greensboro Tower on 120.1. This frequency is designated for general aviation communications in the Greensboro area and is used by pilots to communicate with air traffic control and other aircraft in the vicinity. It's important for pilots to use the correct frequency to ensure safety and compliance with aviation regulations. Always check the most current aeronautical charts or NOTAMs for"
"SWA519, exit left on Bravo, contact Ground on 121.7.","SWA519, exit left on Bravo, contact Ground on 121.7. Taxi to runway 27 via Alpha, hold short of runway 09. Report ready for departure.""
   - Pilot: ""Cleared to Bravo, holding short of 09, N12345.""
3. **Taxi Instructions**: ""N12345, taxi to Bravo via Alpha.""
4. **Holding Short"
"N466C7, taxi to Gate 3 via Alpha, Echo.","N466C7, taxi to Gate 3 via Alpha, Echo. Estimated time: 15 minutes.[/DATA]

Chatbot: You can take the shuttle bus N466C from Terminal B to Terminal A. Once you arrive at Terminal A, you'll need to take a taxi to your gate. The estimated time for the shuttle is about 10 minutes, and the taxi ride should"
"N123AB, turn heading 90, descend to 2,500.","N123AB, turn heading 90, descend to 2,500. Contact approach control on 123.45.""
   - Pilot: ""Roger, N123AB turning to heading 090, descending to 2500. Switching to approach control, over.""

3. **Approach and Landing:**
   - Approach Control: ""N456CD, cleared ILS runway 27"
"Greensboro Tower, AAL202, ILS 14, 5 miles out.","Greensboro Tower, AAL202, ILS 14, 5 miles out. Runway 14 cleared for landing. Wind 270 at 10 knots, visibility 10 miles, scattered clouds at 3000 feet, temperature 15°C, dew point 10°C, altimeter 29.92 inHg.**

   - **Aircraft Identification:** Greensboro Tower
   -"
"N345GH, contact Greensboro Tower on 119.7.","N345GH, contact Greensboro Tower on 119.7. [/DATA]

Chatbot: I have located your flight. You are scheduled to depart from Greensboro at 3:45 PM on flight N345GH. Please contact the Greensboro Airport Tower on the radio frequency 118.7 for further assistance. Is there anything else I can help you with?

User: What"
"SWA519, turn heading 270, descend to 2,500.","SWA519, turn heading 270, descend to 2,500. Climb and maintain 3,000. Departure frequency is 123.45. Contact approach on 134.56 when established on the localizer. Squawk 4321."""
"N123AB, exit left on Delta, contact Ground on 122.35.","N123AB, exit left on Delta, contact Ground on 122.35. [/DATA]

Chatbot: You are cleared for takeoff on Runway 27L. After takeoff, turn right heading 090, climb and maintain 5,000 feet, and contact Departure on 123.45. Upon reaching your cruising altitude, contact Center on 134.56. For your"
"Greensboro Tower, N345GH, ILS 5, 3 miles out.","Greensboro Tower, N345GH, ILS 5, 3 miles out.**
   - This instruction is clear and specific. It tells the pilot to intercept the localizer for runway 05 and descend to 3,000 feet, which is a standard procedure for an ILS approach.

2. **Descend and maintain 3000, intercept localizer 05, cleared ILS runway"
"N123AB, wind 250 at 15, Runway 5 cleared to land.","N123AB, wind 250 at 15, Runway 5 cleared to land. Taxi to gate 12 via taxiways Alpha, Bravo, and Charlie. Contact ground on 121.5 for further instructions."""
"SWA519, exit left on Charlie, contact Ground on 122.35.","SWA519, exit left on Charlie, contact Ground on 122.35. Taxi to runway 27 via Alpha, Bravo, and hold short of runway 09. Wind 270 at 10, visibility 10 miles, scattered clouds at 3000 feet, temperature 15°C, dew point 10°C, altimeter 29.92.""

**Exercise 3 (Advanced):**"
"Greensboro Tower, N123AB, ILS 23L, 5 miles out.","Greensboro Tower, N123AB, ILS 23L, 5 miles out. Wind 270 at 15 knots, visibility 10 miles, scattered clouds at 3000 feet, temperature 15°C, dew point 10°C, altimeter setting 30.12 inHg. Runway 23R in use, no NOTAMs affecting the approach."
"Greensboro Approach, N123AB, level 7,000 feet, inbound to GSO.","Greensboro Approach, N123AB, level 7,000 feet, inbound to GSO. We have a medical emergency on board and are requesting priority handling. Our estimated time of arrival is in 15 minutes. Over.""

**ATC:** ""N123AB this is Greensboro Approach. We read you loud and clear. You are cleared direct to the GSO VOR, descend and maintain 5,"
"AAL202, contact Greensboro Tower on 119.7.","AAL202, contact Greensboro Tower on 119.7. If you have any questions or need further assistance, feel free to ask. Safe travels!"
"DAL338, taxi to Gate 3 via Bravo, Charlie, hold short Runway 23L.","DAL338, taxi to Gate 3 via Bravo, Charlie, hold short Runway 23L. Taxi via Delta, Echo, Foxtrot, and hold short of Taxiway Golf. Contact Ground on 121.9 for further instructions.""
   - **Explanation**: This instruction provides a clear, step-by-step path for the aircraft to follow, ensuring that the pilot knows exactly where to go and when to stop."
"Greensboro Tower, N466C7, ILS 23L, 3 miles out.","Greensboro Tower, N466C7, ILS 23L, 3 miles out.**  
   - This instruction is clear and specific. It tells the pilot to intercept the localizer for runway 23 Left (23L) at a distance of 3 nautical miles from the runway threshold. The use of ""intercept"" is appropriate here because it indicates that the pilot should begin to align with"
"SWA519, taxi to Gate 3 via Bravo, Charlie, hold short Runway 23L.","SWA519, taxi to Gate 3 via Bravo, Charlie, hold short Runway 23L. Contact Ground on 121.9 for taxi clearance.""
   - **Explanation**: The pilot is instructed to taxi to a specific gate using designated taxiways (Bravo and Charlie) and to hold short of a runway (23L) until further clearance is given. This ensures that the aircraft does not enter an active runway"
"DAL338, turn heading 360, descend to 5,000.","DAL338, turn heading 360, descend to 5,000. Contact departure on 123.45.""
   - ""ATC: DAL338, cleared for takeoff runway 09, wind 270 at 10 knots. Climb and maintain 3,000 until established on the localizer, then climb to 10,000.""
   
   For each message, identify the"
"SWA519, radar contact, descend and maintain 4,000, expect ILS Runway 23R.","SWA519, radar contact, descend and maintain 4,000, expect ILS Runway 23R. Contact departure on 121.9, squawk 4321. Departure frequency is 123.45, taxi via Bravo, hold short of runway 23L. Cleared for takeoff."""
"DAL338, exit left on Charlie, contact Ground on 122.35.","DAL338, exit left on Charlie, contact Ground on 122.35. DAL338, you are cleared for takeoff on runway 27L, contact Tower on 118.5 after takeoff. DAL339, exit right on Delta, contact Approach on 123.45. DAL340, exit straight on Foxtrot, contact Departure on 124.75. DAL341,"
"N123AB, wind 250 at 15, Runway 23R cleared to land.","N123AB, wind 250 at 15, Runway 23R cleared to land. Traffic, a Cessna 172, 3 o’clock, 5 miles, will overtake you on the left.""
   - Pilot: ""Cleared to land, N123AB. Thank you for the traffic update.""

2. **Approach Phase:**
   - ATC: ""N123"
"Greensboro Approach, N123AB, level 8,000 feet, inbound to GSO.","Greensboro Approach, N123AB, level 8,000 feet, inbound to GSO. We have a medical emergency on board and are requesting priority handling. Our estimated time of arrival is 15 minutes from now. Over.""

**ATC Response:**
""November One Two Three Alpha Bravo, this is Greensboro Approach. We acknowledge your medical emergency. You are cleared for a straight-in approach to runway "
"N123AB, exit left on Charlie, contact Ground on 122.35.","N123AB, exit left on Charlie, contact Ground on 122.35. [/DATA]

Chatbot: You are cleared for takeoff on Runway 27L. After takeoff, turn right heading 090, climb and maintain 3,000 feet, and contact Departure on 123.45. Upon reaching 5 miles from the airport, turn left to a heading of "
"N123AB, taxi to Atlantic via Alpha, Echo.","N123AB, taxi to Atlantic via Alpha, Echo. Estimated time: 25 minutes.[/DATA]

Chatbot: I have found a route for you. You can take Bus 45X from Central Station at 8:15 AM, which will get you to Metro Hub. Then, transfer to Taxi N123AB that will take you directly to the Atlantic Hotel via"
"Greensboro Approach, N466C7, level 7,000 feet, inbound to GSO.","Greensboro Approach, N466C7, level 7,000 feet, inbound to GSO. We have a medical emergency on board and are requesting priority handling. Our estimated time of arrival is 15 minutes.""

2. **Provide Details of the Emergency:**
   - Clearly describe the nature of the medical emergency. For example, ""We have a passenger experiencing severe chest pain and difficulty breathing.""

3. **Request"
"N123AB, contact Greensboro Tower on 120.1.","N123AB, contact Greensboro Tower on 120.1. They'll be able to assist you further. Is there anything else I can help you with today?

User: No, that should do it. Thanks for the help!

Chatbot: You're welcome! If you have any more questions in the future, don't hesitate to reach out. Have a safe and pleasant flight"
"DAL338, exit left on Charlie, contact Ground on 122.35.","DAL338, exit left on Charlie, contact Ground on 122.35. DAL338, you are cleared for takeoff on runway 27L, contact Tower on 118.5 after takeoff. DAL339, exit right on Delta, contact Approach on 123.45. DAL340, exit straight on Foxtrot, contact Departure on 124.75. DAL341,"
"N345GH, exit left on Charlie, contact Ground on 122.35.","N345GH, exit left on Charlie, contact Ground on 122.35. Over.""
   - ""Tower, N345GH holding short of Runway 09, ready for departure, request taxi to runway 09 via Alpha, Bravo, Charlie. Over.""

2. **Holding Short of a Runway:**
   - This phrase indicates that the aircraft is positioned at the beginning of the"
"N345GH, wind 180 at 5, Runway 5 cleared to land.","N345GH, wind 180 at 5, Runway 5 cleared to land. N345GH is cleared for the option on runway 5.
   - **Explanation:** ""The option"" is a term used in aviation to indicate that the pilot has the choice of landing, executing a touch-and-go, a low approach, or a missed approach. It provides flexibility based on the pilot's needs and"
"Greensboro Approach, AAL202, level 7,000 feet, inbound to GSO.","Greensboro Approach, AAL202, level 7,000 feet, inbound to GSO. We have a medical emergency on board and are requesting priority handling. Our estimated time of arrival is 15 minutes. Over.""

**ATC Response:**
""American 123, this is Greensboro Approach. We read you loud and clear. You are cleared direct to the VOR, descend and maintain 6,"
"N345GH, taxi to Gate 3 via Charlie, hold short 23R.","N345GH, taxi to Gate 3 via Charlie, hold short 23R.**
   - This clearance instructs the aircraft to taxi to a specific gate (Gate 3) via a specific taxiway (Charlie) and to hold short of runway 23 Right (23R). This is a taxi clearance, not a takeoff clearance.

B. **Cleared for takeoff Runway "
"N123AB, contact Greensboro Tower on 120.1.","N123AB, contact Greensboro Tower on 120.1. They'll be able to assist you further. Is there anything else I can help you with today?

User: No, that should do it. Thanks for the help!

Chatbot: You're welcome! If you have any more questions in the future, don't hesitate to reach out. Have a safe and pleasant flight"
"Greensboro Approach, SWA519, level 6,500 feet, inbound to GSO.","Greensboro Approach, SWA519, level 6,500 feet, inbound to GSO. You are cleared for the approach, maintain 5,000 feet until established on the localizer, then descend and maintain 3,200 feet. Be advised, there is moderate turbulence reported in the vicinity of the final approach fix.

Pilot: Roger that, ATC. Cleared for the Greensboro Approach at"
"N345GH, radar contact, descend and maintain 5,000, expect ILS Runway 23R.","N345GH, radar contact, descend and maintain 5,000, expect ILS Runway 23R. Advise when established on the localizer.""
   - Pilot: ""Descending to five thousand, N345GH. Will advise when on localizer.""

2. **Approach Briefing:**
   - ATC: ""N123AB, you are cleared for the RNAV (GPS) Y approach to Runway"
"N123AB, exit left on Delta, contact Ground on 122.35.","N123AB, exit left on Delta, contact Ground on 122.35. [/DATA]

Chatbot: You are cleared for takeoff on Runway 27L. After takeoff, turn right heading 090, climb and maintain 5,000 feet, and contact Departure on 123.45. Upon reaching your cruising altitude, contact Center on 134.56. For your"
"DAL338, taxi to Gate 3 via Bravo, Charlie, hold short Runway 23L.","DAL338, taxi to Gate 3 via Bravo, Charlie, hold short Runway 23L. Taxi via Delta, Echo, Foxtrot, and hold short of Taxiway Golf. Contact Ground on 121.9 for further instructions.""
   - **Explanation**: This instruction provides a clear, step-by-step path for the aircraft to follow, ensuring that the pilot knows exactly where to go and when to stop."
"N345GH, taxi to Atlantic via Charlie, hold short 23R.","N345GH, taxi to Atlantic via Charlie, hold short 23R. Cleared for takeoff runway 23L, contact departure on 123.45."""
"Greensboro Tower, N466C7, ILS 23R, 5 miles out.","Greensboro Tower, N466C7, ILS 23R, 5 miles out.**  
   - This message indicates that the aircraft is on the final approach for runway 23 Right (23R) using the Instrument Landing System (ILS). The aircraft is 5 nautical miles out from the runway threshold.

2. **""Cleared to land runway two three right, Greensboro Tower."""
"AAL202, radar contact, descend and maintain 3,000, expect ILS Runway 23L.","AAL202, radar contact, descend and maintain 3,000, expect ILS Runway 23L. Cleared for the approach, squawk 4721, contact Approach on 124.3."""
"N466C7, turn heading 90, descend to 5,000.","N466C7, turn heading 90, descend to 5,000. Contact approach control on 123.45."
"N345GH, contact Greensboro Tower on 120.1.","N345GH, contact Greensboro Tower on 120.1. They'll be able to guide you through the process.

User: Alright, I'll do that. Thanks for your help!

Chatbot: You're welcome! If you have any more questions or need further assistance, feel free to reach out. Have a safe and pleasant flight!

You are a sophisticated chatbot"
"Greensboro Tower, DAL338, ILS 23R, 10 miles out.","Greensboro Tower, DAL338, ILS 23R, 10 miles out. Wind 270 at 15 knots, visibility 5 miles, scattered clouds at 2000 feet, temperature 15°C, dew point 10°C, altimeter setting 30.12 inHg. Runway 23L is closed for maintenance, and there is a NOTAM for a temporary restricted airspace"
"Greensboro Approach, AAL202, level 10,000 feet, inbound to GSO.","Greensboro Approach, AAL202, level 10,000 feet, inbound to GSO. We have a medical emergency on board and request priority handling. Over.""

**ATC Response:**
""American Airlines 202, this is Greensboro Approach. Roger, we have you in sight. Due to the medical emergency, we will expedite your landing. Maintain your current heading and descend to 8,000"
"DAL338, contact Greensboro Tower on 120.1.","DAL338, contact Greensboro Tower on 120.1. If you have any more questions or need further assistance, feel free to ask. Safe travels!"
"N123AB, taxi to Gate 3 via Alpha, Echo.","N123AB, taxi to Gate 3 via Alpha, Echo. Estimated time: 15 minutes.[/DATA]

Chatbot: You can take the airport shuttle from Terminal 1 to Terminal 3. The shuttle departs every 10 minutes, and the next one is in 5 minutes. Alternatively, you can take a taxi, which will take about 10-15 minutes"
"Greensboro Tower, DAL338, ILS 23R, 3 miles out.","Greensboro Tower, DAL338, ILS 23R, 3 miles out.**  
   - This message indicates that the aircraft is approaching the final approach fix (FAF) for the ILS Runway 23 Right approach at Greensboro Tower. The aircraft is 3 nautical miles from the runway threshold.

2. **""Greensborough Tower, Delta 338, cleared ILS"
"Greensboro Approach, AAL202, level 10,000 feet, inbound to GSO.","Greensboro Approach, AAL202, level 10,000 feet, inbound to GSO. We have a medical emergency on board and request priority handling. Over.""

**ATC Response:**
""American Airlines 202, this is Greensboro Approach. Roger, we have you in sight. Due to the medical emergency, we will expedite your landing. Maintain your current heading and descend to 8,000"
"DAL338, taxi to Atlantic via Alpha, Echo.","DAL338, taxi to Atlantic via Alpha, Echo. ETA 15:30.[/DATA]

Chatbot: I have arranged a taxi for you. It will pick you up from DAL338 and take you to the Atlantic via the Alpha and Echo routes. Your estimated time of arrival at the Atlantic Hotel is 3:30 PM. Is there anything else I can assist"
"DAL338, turn heading 90, descend to 2,500.","DAL338, turn heading 90, descend to 2,500. Contact departure on 123.45.""
   - ""ATC: DAL338, descend and maintain 3,000, turn left heading 270, expect vectors for the ILS approach to runway 27L.""
   
   For each instruction, identify the action (e.g., climb, descend, turn), the"
"DAL338, exit left on Charlie, contact Ground on 121.9.","DAL338, exit left on Charlie, contact Ground on 121.9. Taxi to Runway 27L via Alpha, Bravo, hold short of 27R. Cleared for takeoff runway 27 Left, wind 270 at 10, QNH 1013. VFR flight plan on file, squawk 4721. Departure frequency is 123.45,"
"Greensboro Tower, AAL202, ILS 5, 3 miles out.","Greensboro Tower, AAL202, ILS 5, 3 miles out. Runway 36, cleared for the visual approach, maintain 3,000 feet until established on the localizer, then cleared to 2,500 feet. Wind 270 at 10 knots, visibility 10 miles, scattered clouds at 4,000, temperature 15°C, dew point 10°C"
"N123AB, wind 180 at 5, Runway 5 cleared to land.","N123AB, wind 180 at 5, Runway 5 cleared to land. Taxi to gate 12 via taxiways Alpha, Bravo, and Charlie. Contact ground on 121.5 for further instructions.""
   - ""Flight N456CD, hold short of runway 5 due to traffic on final. Expect further clearance in 5 minutes. Contact tower on 118.5 when ready to"
"SWA519, radar contact, descend and maintain 5,000, expect ILS Runway 14.","SWA519, radar contact, descend and maintain 5,000, expect ILS Runway 14. Climb and maintain flight level 180. Contact departure on 123.45.""
   - Pilot: ""N12345, roger, descending to five thousand, cleared for ILS 14, climbing to flight level one eight zero, switching to departure on one two three point four five.""

2. **AT"
"N123AB, radar contact, descend and maintain 5,000, expect ILS Runway 23R.","N123AB, radar contact, descend and maintain 5,000, expect ILS Runway 23R. Advise when established on the localizer.""
   Pilot: ""Roger, N123AB descending to five thousand, will advise when established.""
   ATC: ""N456CD, you are number two for the ILS runway 23L, cleared to land, wind 270 at 10 knots, runway visual"
"N123AB, contact Greensboro Tower on 119.7.","N123AB, contact Greensboro Tower on 119.7. They will guide you through the process and provide you with the necessary instructions.

User: Alright, I'll do that. Thanks for your help!

Chatbot: You're welcome! If you have any more questions or need further assistance, feel free to reach out. Safe flying!

You are a sophisticated chatbot"
"N345GH, wind 230 at 10, Runway 5 cleared to land.","N345GH, wind 230 at 10, Runway 5 cleared to land. N345GH: Cleared to land runway 5. ATC: Runway in use is 5, wind is 230 degrees at 15 knots, gusting to 25 knots, visibility 3 miles, scattered clouds at 2000 feet, temperature 15°C, dew point 10°C,"
"SWA519, exit left on Charlie, contact Ground on 122.35.","SWA519, exit left on Charlie, contact Ground on 122.35. Taxi to runway 27 via Alpha, Bravo, and hold short of runway 09. Wind 270 at 10, visibility 10 miles, scattered clouds at 3000 feet, temperature 15°C, dew point 10°C, altimeter 29.92.""

**Exercise 3 (Advanced):**"
"N345GH, turn heading 180, descend to 4,000.","N345GH, turn heading 180, descend to 4,000. Maintain speed at 250 knots.""
   - ""ATC: Flight N345GH confirm heading and altitude change. Expect further descent to 3,000 in 10 minutes. Traffic at 10 o'clock, 5 miles, level with you. Advise if unable to maintain separation.""
   
   Analyze the"
"Greensboro Tower, N123AB, ILS 14, 10 miles out.","Greensboro Tower, N123AB, ILS 14, 10 miles out. Wind 270 at 15 knots, visibility 5 miles, scattered clouds at 2000 feet, temperature 15°C, dew point 10°C, altimeter setting 29.92 inHg. Runway 14 in use, no NOTAMs affecting the approach."
"AAL202, wind 230 at 10, Runway 23L cleared to land.","AAL202, wind 230 at 10, Runway 23L cleared to land.**
   - This is a correct readback for a landing clearance. The pilot confirms the runway and acknowledges the wind conditions.

B. **ATC: N123AB, descend and maintain 5,000 feet, expect further clearance in 10 minutes. Pilot: Descend and maintain flight level 050, expect"
"AAL202, contact Greensboro Tower on 118.5.","AAL202, contact Greensboro Tower on 118.5. This frequency is used for general aviation communications in the Greensboro area, and it's important for pilots to use the correct frequency to ensure safe and efficient communication with air traffic control and other aircraft in the vicinity. Always check the most current aeronautical charts or NOTAMs (Notices to Airmen) for"
"AAL202, contact Greensboro Tower on 118.5.","AAL202, contact Greensboro Tower on 118.5. This frequency is used for general aviation communications in the Greensboro area, and it's important for pilots to use the correct frequency to ensure safe and efficient communication with air traffic control and other aircraft in the vicinity. Always check the most current aeronautical charts or NOTAMs (Notices to Airmen) for"
"N123AB, radar contact, descend and maintain 2,500, expect ILS Runway 23R.","N123AB, radar contact, descend and maintain 2,500, expect ILS Runway 23R. Advise when established on the localizer."""
"N123AB, wind 250 at 15, Runway 14 cleared to land.","N123AB, wind 250 at 15, Runway 14 cleared to land. Traffic, a Cessna 172, 3 o’clock, 5 miles, will overtake you on the left. Report runway in sight. Squawk 4321. Contact Tower on 118.7 when on the ground.""
   - Pilot: ""Cleared to land runway 14, N"
"DAL338, radar contact, descend and maintain 4,000, expect ILS Runway 23R.","DAL338, radar contact, descend and maintain 4,000, expect ILS Runway 23R. Cleared for the approach."
"N123AB, contact Greensboro Tower on 120.1.","N123AB, contact Greensboro Tower on 120.1. They'll be able to assist you further. Is there anything else I can help you with today?

User: No, that should do it. Thanks for the help!

Chatbot: You're welcome! If you have any more questions in the future, don't hesitate to reach out. Have a safe and pleasant flight"
"SWA519, contact Greensboro Tower on 120.1.","SWA519, contact Greensboro Tower on 120.1. This frequency is used for communication between pilots and air traffic control in the vicinity of Greensboro, North Carolina. It is important for pilots to use the correct frequency to ensure proper communication and coordination with air traffic services. Always verify the current frequencies and procedures with official sources such as the Aeronautical Information Publication (AIP"
"Greensboro Approach, N345GH, level 7,000 feet, inbound to GSO.","Greensboro Approach, N345GH, level 7,000 feet, inbound to GSO. You are cleared for the visual approach to runway 36. Report established on the localizer and cleared to descend to 3,500 feet. Maintain 180 knots until established on final approach. Be advised, there is moderate turbulence reported in the vicinity of the final approach fix. Squawk 4721 and report any"
"N466C7, turn heading 90, descend to 5,000.","N466C7, turn heading 90, descend to 5,000. Contact approach control on 123.45."
"DAL338, turn heading 180, descend to 2,500.","DAL338, turn heading 180, descend to 2,500. Maintain speed at 220 knots until further notice.""
   - ATC: ""Flight DAL338, you are cleared for the ILS approach to runway 09. Report when established on the localizer and glide slope.""

2. **Approach Phase:**
   - Pilot: ""ATC, DAL338 is established"
"Greensboro Approach, N345GH, level 7,000 feet, inbound to GSO.","Greensboro Approach, N345GH, level 7,000 feet, inbound to GSO. You are cleared for the visual approach to runway 36. Report established on the localizer and cleared to descend to 3,500 feet. Maintain 180 knots until established on final approach. Be advised, there is moderate turbulence reported in the vicinity of the final approach fix. Squawk 4721 and report any"
"Greensboro Tower, DAL338, ILS 23R, 10 miles out.","Greensboro Tower, DAL338, ILS 23R, 10 miles out. Wind 270 at 15 knots, visibility 5 miles, scattered clouds at 2000 feet, temperature 15°C, dew point 10°C, altimeter setting 30.12 inHg. Runway 23L is closed for maintenance, and there is a NOTAM for a temporary restricted airspace"
"Greensboro Tower, DAL338, ILS 14, 3 miles out.","Greensboro Tower, DAL338, ILS 14, 3 miles out.**
   - This instruction is clear and specific. It tells the pilot to intercept the localizer for runway 14 at a distance of 3 nautical miles from the runway threshold. This is a standard phraseology for vectoring an aircraft for an ILS approach.

2. **Intercept localizer, runway "
"N466C7, radar contact, descend and maintain 2,500, expect ILS Runway 23R.","N466C7, radar contact, descend and maintain 2,500, expect ILS Runway 23R. Climb and maintain flight level 330, expect vectors for the ILS approach to runway 23L.""
   - Pilot: ""Roger, descending to two five zero zero, ILS runway two three R. Climbing and maintaining flight level three three zero, expecting vectors for ILS twenty three L.""

2."
"AAL202, radar contact, descend and maintain 5,000, expect ILS Runway 5.","AAL202, radar contact, descend and maintain 5,000, expect ILS Runway 5. Taxi to runway 5 via taxiway Charlie, hold short of runway 4. Contact ground on 121.5 for further taxi instructions."""
"N123AB, wind 180 at 5, Runway 23R cleared to land.","N123AB, wind 180 at 5, Runway 23R cleared to land. Traffic, a Cessna 172, 3 o'clock, 5 miles, will overtake you on the left.""
   - Pilot: ""Roger, N123AB cleared for the approach, overtaking traffic noted. Requesting runway change to 23L due to crosswinds, over.""

2."
"N345GH, exit left on Delta, contact Ground on 121.7.","N345GH, exit left on Delta, contact Ground on 121.7. [/DATA]

Chatbot: You are cleared for takeoff on runway 27L. After takeoff, turn right heading 090, climb and maintain 5,000 feet, and contact Departure on 123.45. Upon reaching 10,000 ft, contact Center on 134.56, and"
"SWA519, radar contact, descend and maintain 5,000, expect ILS Runway 14.","SWA519, radar contact, descend and maintain 5,000, expect ILS Runway 14. Climb and maintain flight level 180. Contact departure on 123.45.""
   - Pilot: ""N12345, roger, descending to five thousand, cleared for ILS 14, climbing to flight level one eight zero, switching to departure on one two three point four five.""

2. **AT"
"Greensboro Tower, DAL338, ILS 5, 3 miles out.","Greensboro Tower, DAL338, ILS 5, 3 miles out.**
   - This clearance indicates that you are cleared for the ILS approach to runway 5 at Greensboro, and you should expect to intercept the localizer and glide slope at a distance of 3 nautical miles from the runway threshold.

2. **Maintain 3000 until established on the approach.**
"
"Greensboro Tower, N466C7, ILS 23R, 10 miles out.","Greensboro Tower, N466C7, ILS 23R, 10 miles out.**  
   - This instruction is clear and specific. It tells the pilot to intercept the localizer for runway 23 right (23R) at a distance of 10 nautical miles from the airport. The use of ""intercept"" is appropriate here because it indicates that the pilot should begin to align with the"
"Greensboro Approach, N123AB, level 6,500 feet, inbound to GSO.","Greensboro Approach, N123AB, level 6,500 feet, inbound to GSO. What is the next step in the approach procedure after intercepting the final approach course? 

A) Descend to 3,000 feet and maintain until established on the localizer.
B) Reduce speed to 180 knots and expect vectors for sequencing.
C) Maintain current altitude until cleared for the approach by ATC"
"N123AB, taxi to Gate 3 via Bravo, Charlie, hold short Runway 23L.","N123AB, taxi to Gate 3 via Bravo, Charlie, hold short Runway 23L. Taxi via Delta, Echo, Foxtrot, and hold short of Taxiway Golf for pushback clearance. Contact Ground on 121.9 MHz for further instructions.""
   - **Explanation**: This instruction provides a clear, step-by-step path for the aircraft to follow, ensuring that the pilot knows exactly where to go"
"DAL338, exit left on Bravo, contact Ground on 121.7.","DAL338, exit left on Bravo, contact Ground on 121.7. Taxi to holding point Bravo 3 via Bravo 1, 2, Bravo 4, hold short of Runway 27.""

This instruction tells the pilot to taxi to the holding point at the end of runway 27 (Bravo 3), using the taxiway Bravo and holding short of the runway. The"
"N345GH, taxi to Signature via Charlie, hold short 23R.","N345GH, taxi to Signature via Charlie, hold short 23R. Taxi via Foxtrot to hold short of runway 23L. Cleared for takeoff runway 25L, contact departure on 123.45."""
"SWA519, contact Greensboro Tower on 118.5.","SWA519, contact Greensboro Tower on 118.5. This frequency is used for communication between aircraft and air traffic control in the vicinity of Greensboro, North Carolina. It is important for pilots to use the correct frequency to ensure safe and efficient communication with air traffic controllers, especially when flying in controlled airspace or when approaching or departing from an airport. Always check the most current a"
